{"title":"JMdict [2025-12-21]","format":3,"revision":"JMdict.2025-12-21","sequenced":true,"author":"yomitan-import","url":"https://github.com/themoeway/yomitan-import","description":"","attribution":"This publication has included material from the JMdict (EDICT, etc.) dictionary files in accordance with the licence provisions of the Electronic Dictionaries Research Group. See http://www.edrdg.org/","isUpdatable":true,"indexUrl":"https://github.com/yomidevs/jmdict-yomitan/releases/latest/download/JMdict_english.json","downloadUrl":"https://github.com/yomidevs/jmdict-yomitan/releases/latest/download/JMdict_english.zip"}